<?xml version="1.0" encoding="UTF-8"?>
<project-private xmlns="http://www.netbeans.org/ns/project-private/1">
    <editor-bookmarks xmlns="http://www.netbeans.org/ns/editor-bookmarks/2" lastBookmarkId="0"/>
    <open-files xmlns="http://www.netbeans.org/ns/projectui-open-files/2">
        <group>
            <file>file:/C:/Users/w/Documents/NetBeansProjects/Gym%20Managment%20sytem/src/ListOfMembers.java</file>
            <file>file:/C:/Users/w/Documents/NetBeansProjects/Gym%20Managment%20sytem/src/dbcon.java</file>
            <file>file:/C:/Users/w/Documents/NetBeansProjects/Gym%20Managment%20sytem/src/Home.java</file>
            <file>file:/C:/Users/w/Documents/NetBeansProjects/Gym%20Managment%20sytem/src/UpdateDeleteMember.java</file>
            <file>file:/C:/Users/w/Documents/NetBeansProjects/Gym%20Managment%20sytem/src/login.java</file>
            <file>file:/C:/Users/w/Documents/NetBeansProjects/Gym%20Managment%20sytem/src/payment.java</file>
        </group>
    </open-files>
</project-private>
